week,day,date,time,home_team,score,away_team,attendance,venue,referee,match_report,notes,home_xg,away_xg,game_id,is_home,goal_diff
1,Sun,2016-08-14,16:00,Arsenal,3–4,Liverpool,60033,Emirates Stadium,Michael Oliver,/en/matches/0e815975/Arsenal-Liverpool-August-14-2016-Premier-League,,,,0e815975,1,-1
2,Sat,2016-08-20,17:30,Leicester City,0–0,Arsenal,32008,King Power Stadium,Mark Clattenburg,/en/matches/7dcbb8b3/Leicester-City-Arsenal-August-20-2016-Premier-League,,,,7dcbb8b3,0,0
3,Sat,2016-08-27,15:00,Watford,1–3,Arsenal,20545,Vicarage Road Stadium,Kevin Friend,/en/matches/b123da8c/Watford-Arsenal-August-27-2016-Premier-League,,,,b123da8c,0,2
4,Sat,2016-09-10,15:00,Arsenal,2–1,Southampton,59962,Emirates Stadium,Robert Madley,/en/matches/a8053d4d/Arsenal-Southampton-September-10-2016-Premier-League,,,,a8053d4d,1,1
5,Sat,2016-09-17,15:00,Hull City,1–4,Arsenal,22536,Kingston Communications Stadium,Roger East,/en/matches/f2805e6a/Hull-City-Arsenal-September-17-2016-Premier-League,,,,f2805e6a,0,3
6,Sat,2016-09-24,17:30,Arsenal,3–0,Chelsea,60028,Emirates Stadium,Michael Oliver,/en/matches/61b1eca2/North-West-London-Derby-Arsenal-Chelsea-September-24-2016-Premier-League,,,,61b1eca2,1,3
7,Sun,2016-10-02,16:30,Burnley,0–1,Arsenal,20982,Turf Moor,Craig Pawson,/en/matches/28458ed0/Burnley-Arsenal-October-2-2016-Premier-League,,,,28458ed0,0,1
8,Sat,2016-10-15,15:00,Arsenal,3–2,Swansea City,60007,Emirates Stadium,Jonathan Moss,/en/matches/90730896/Arsenal-Swansea-City-October-15-2016-Premier-League,,,,90730896,1,1
9,Sat,2016-10-22,15:00,Arsenal,0–0,Middlesbrough,59982,Emirates Stadium,Mike Dean,/en/matches/bdbf5bba/Arsenal-Middlesbrough-October-22-2016-Premier-League,,,,bdbf5bba,1,0
10,Sat,2016-10-29,12:30,Sunderland,1–4,Arsenal,44322,Stadium of Light,Martin Atkinson,/en/matches/ed5de6ff/Sunderland-Arsenal-October-29-2016-Premier-League,,,,ed5de6ff,0,3
11,Sun,2016-11-06,12:00,Arsenal,1–1,Tottenham,60039,Emirates Stadium,Mark Clattenburg,/en/matches/61ae4b5a/North-London-Derby-Arsenal-Tottenham-Hotspur-November-6-2016-Premier-League,,,,61ae4b5a,1,0
12,Sat,2016-11-19,12:30,Manchester Utd,1–1,Arsenal,75264,Old Trafford,Andre Marriner,/en/matches/abb1ca5c/Manchester-United-Arsenal-November-19-2016-Premier-League,,,,abb1ca5c,0,0
13,Sun,2016-11-27,14:15,Arsenal,3–1,Bournemouth,59978,Emirates Stadium,Mike Jones,/en/matches/40ece6d2/Arsenal-Bournemouth-November-27-2016-Premier-League,,,,40ece6d2,1,2
14,Sat,2016-12-03,17:30,West Ham,1–5,Arsenal,56980,London Stadium,Craig Pawson,/en/matches/432b5d0c/West-Ham-United-Arsenal-December-3-2016-Premier-League,,,,432b5d0c,0,4
15,Sat,2016-12-10,15:00,Arsenal,3–1,Stoke City,59964,Emirates Stadium,Lee Mason,/en/matches/fec71c04/Arsenal-Stoke-City-December-10-2016-Premier-League,,,,fec71c04,1,2
16,Tue,2016-12-13,19:45,Everton,2–1,Arsenal,39510,Goodison Park,Mark Clattenburg,/en/matches/058313b0/Everton-Arsenal-December-13-2016-Premier-League,,,,058313b0,0,-1
17,Sun,2016-12-18,16:00,Manchester City,2–1,Arsenal,54409,Etihad Stadium,Martin Atkinson,/en/matches/18115cd0/Manchester-City-Arsenal-December-18-2016-Premier-League,,,,18115cd0,0,-1
18,Mon,2016-12-26,15:00,Arsenal,1–0,West Brom,59925,Emirates Stadium,Niel Swarbrick,/en/matches/32a93ec5/Arsenal-West-Bromwich-Albion-December-26-2016-Premier-League,,,,32a93ec5,1,1
19,Sun,2017-01-01,16:00,Arsenal,2–0,Crystal Palace,59975,Emirates Stadium,Andre Marriner,/en/matches/b0f63c70/Arsenal-Crystal-Palace-January-1-2017-Premier-League,,,,b0f63c70,1,2
20,Tue,2017-01-03,19:45,Bournemouth,3–3,Arsenal,11202,Vitality Stadium,Michael Oliver,/en/matches/f4a549b2/Bournemouth-Arsenal-January-3-2017-Premier-League,,,,f4a549b2,0,0
21,Sat,2017-01-14,15:00,Swansea City,0–4,Arsenal,20875,Liberty Stadium,Mike Jones,/en/matches/1a4da26d/Swansea-City-Arsenal-January-14-2017-Premier-League,,,,1a4da26d,0,4
22,Sun,2017-01-22,14:15,Arsenal,2–1,Burnley,59955,Emirates Stadium,Jonathan Moss,/en/matches/ff6cad57/Arsenal-Burnley-January-22-2017-Premier-League,,,,ff6cad57,1,1
23,Tue,2017-01-31,19:45,Arsenal,1–2,Watford,60035,Emirates Stadium,Andre Marriner,/en/matches/eef8e264/Arsenal-Watford-January-31-2017-Premier-League,,,,eef8e264,1,-1
24,Sat,2017-02-04,12:30,Chelsea,3–1,Arsenal,41490,Stamford Bridge,Martin Atkinson,/en/matches/748207ea/North-West-London-Derby-Chelsea-Arsenal-February-4-2017-Premier-League,,,,748207ea,0,-2
25,Sat,2017-02-11,12:30,Arsenal,2–0,Hull City,59962,Emirates Stadium,Mark Clattenburg,/en/matches/37825164/Arsenal-Hull-City-February-11-2017-Premier-League,,,,37825164,1,2
27,Sat,2017-03-04,17:30,Liverpool,3–1,Arsenal,53146,Anfield,Robert Madley,/en/matches/f06bb82f/Liverpool-Arsenal-March-4-2017-Premier-League,,,,f06bb82f,0,-2
29,Sat,2017-03-18,12:30,West Brom,3–1,Arsenal,24065,The Hawthorns,Niel Swarbrick,/en/matches/d1bac114/West-Bromwich-Albion-Arsenal-March-18-2017-Premier-League,,,,d1bac114,0,-2
30,Sun,2017-04-02,16:00,Arsenal,2–2,Manchester City,60001,Emirates Stadium,Andre Marriner,/en/matches/283ef914/Arsenal-Manchester-City-April-2-2017-Premier-League,,,,283ef914,1,0
31,Wed,2017-04-05,19:45,Arsenal,3–0,West Ham,59961,Emirates Stadium,Martin Atkinson,/en/matches/99d5f0d0/Arsenal-West-Ham-United-April-5-2017-Premier-League,,,,99d5f0d0,1,3
32,Mon,2017-04-10,20:00,Crystal Palace,3–0,Arsenal,25648,Selhurst Park,Michael Oliver,/en/matches/78f9825c/Crystal-Palace-Arsenal-April-10-2017-Premier-League,,,,78f9825c,0,-3
33,Mon,2017-04-17,20:00,Middlesbrough,1–2,Arsenal,31298,Riverside Stadium,Anthony Taylor,/en/matches/344116c5/Middlesbrough-Arsenal-April-17-2017-Premier-League,,,,344116c5,0,1
28,Wed,2017-04-26,19:45,Arsenal,1–0,Leicester City,59829,Emirates Stadium,Mike Jones,/en/matches/d0129267/Arsenal-Leicester-City-April-26-2017-Premier-League,,,,d0129267,1,1
35,Sun,2017-04-30,16:30,Tottenham,2–0,Arsenal,31811,White Hart Lane,Michael Oliver,/en/matches/cdec2a32/North-London-Derby-Tottenham-Hotspur-Arsenal-April-30-2017-Premier-League,,,,cdec2a32,0,-2
36,Sun,2017-05-07,16:00,Arsenal,2–0,Manchester Utd,60055,Emirates Stadium,Andre Marriner,/en/matches/dc6b6f97/Arsenal-Manchester-United-May-7-2017-Premier-League,,,,dc6b6f97,1,2
26,Wed,2017-05-10,19:45,Southampton,0–2,Arsenal,31474,St. Mary's Stadium,Jonathan Moss,/en/matches/eae4b047/Southampton-Arsenal-May-10-2017-Premier-League,,,,eae4b047,0,2
37,Sat,2017-05-13,17:30,Stoke City,1–4,Arsenal,27535,Bet365 Stadium,Mike Dean,/en/matches/465be7c9/Stoke-City-Arsenal-May-13-2017-Premier-League,,,,465be7c9,0,3
34,Tue,2017-05-16,19:45,Arsenal,2–0,Sunderland,59510,Emirates Stadium,Roger East,/en/matches/d971823a/Arsenal-Sunderland-May-16-2017-Premier-League,,,,d971823a,1,2
38,Sun,2017-05-21,15:00,Arsenal,3–1,Everton,59976,Emirates Stadium,Michael Oliver,/en/matches/5032a8f5/Arsenal-Everton-May-21-2017-Premier-League,,,,5032a8f5,1,2
1,Fri,2017-08-11,19:45,Arsenal,4–3,Leicester City,59387,Emirates Stadium,Mike Dean,/en/matches/e3c3ddf0/Arsenal-Leicester-City-August-11-2017-Premier-League,,2.5,1.5,e3c3ddf0,1,1
2,Sat,2017-08-19,17:30,Stoke City,1–0,Arsenal,29459,Bet365 Stadium,Andre Marriner,/en/matches/37f97732/Stoke-City-Arsenal-August-19-2017-Premier-League,,0.7,1.5,37f97732,0,-1
3,Sun,2017-08-27,16:00,Liverpool,4–0,Arsenal,53206,Anfield,Craig Pawson,/en/matches/e4374144/Liverpool-Arsenal-August-27-2017-Premier-League,,3.1,0.6,e4374144,0,-4
4,Sat,2017-09-09,15:00,Arsenal,3–0,Bournemouth,59262,Emirates Stadium,Anthony Taylor,/en/matches/2fab7d59/Arsenal-Bournemouth-September-9-2017-Premier-League,,2.2,0.6,2fab7d59,1,3
5,Sun,2017-09-17,13:30,Chelsea,0–0,Arsenal,41478,Stamford Bridge,Michael Oliver,/en/matches/b015cd93/North-West-London-Derby-Chelsea-Arsenal-September-17-2017-Premier-League,,0.8,1.4,b015cd93,0,0
6,Mon,2017-09-25,20:00,Arsenal,2–0,West Brom,59134,Emirates Stadium,Robert Madley,/en/matches/b46b6153/Arsenal-West-Bromwich-Albion-September-25-2017-Premier-League,,2.2,0.9,b46b6153,1,2
7,Sun,2017-10-01,12:00,Arsenal,2–0,Brighton,59378,Emirates Stadium,Kevin Friend,/en/matches/304dc26b/Arsenal-Brighton-and-Hove-Albion-October-1-2017-Premier-League,,2.4,0.4,304dc26b,1,2
8,Sat,2017-10-14,17:30,Watford,2–1,Arsenal,20384,Vicarage Road Stadium,Niel Swarbrick,/en/matches/f18931d9/Watford-Arsenal-October-14-2017-Premier-League,,1.6,1.0,f18931d9,0,-1
9,Sun,2017-10-22,13:30,Everton,2–5,Arsenal,39189,Goodison Park,Craig Pawson,/en/matches/73da64ff/Everton-Arsenal-October-22-2017-Premier-League,,1.0,3.5,73da64ff,0,3
10,Sat,2017-10-28,15:00,Arsenal,2–1,Swansea City,59493,Emirates Stadium,Lee Mason,/en/matches/3424d0e6/Arsenal-Swansea-City-October-28-2017-Premier-League,,2.0,0.9,3424d0e6,1,1
11,Sun,2017-11-05,14:15,Manchester City,3–1,Arsenal,54286,Etihad Stadium,Michael Oliver,/en/matches/03da14dd/Manchester-City-Arsenal-November-5-2017-Premier-League,,1.8,0.3,03da14dd,0,-2
12,Sat,2017-11-18,12:30,Arsenal,2–0,Tottenham,59530,Emirates Stadium,Mike Dean,/en/matches/ae345878/North-London-Derby-Arsenal-Tottenham-Hotspur-November-18-2017-Premier-League,,2.1,0.7,ae345878,1,2
13,Sun,2017-11-26,14:00,Burnley,0–1,Arsenal,21722,Turf Moor,Lee Mason,/en/matches/0ad47126/Burnley-Arsenal-November-26-2017-Premier-League,,0.4,1.8,0ad47126,0,1
14,Wed,2017-11-29,19:45,Arsenal,5–0,Huddersfield,59285,Emirates Stadium,Graham Scott,/en/matches/5765760d/Arsenal-Huddersfield-Town-November-29-2017-Premier-League,,4.0,0.5,5765760d,1,5
15,Sat,2017-12-02,17:30,Arsenal,1–3,Manchester Utd,59547,Emirates Stadium,Andre Marriner,/en/matches/baa538cc/Arsenal-Manchester-United-December-2-2017-Premier-League,,4.7,1.8,baa538cc,1,-2
16,Sun,2017-12-10,12:00,Southampton,1–1,Arsenal,31643,St. Mary's Stadium,Robert Madley,/en/matches/8a233cbd/Southampton-Arsenal-December-10-2017-Premier-League,,1.3,0.7,8a233cbd,0,0
17,Wed,2017-12-13,20:00,West Ham,0–0,Arsenal,56921,London Stadium,Jonathan Moss,/en/matches/2f10aa8f/West-Ham-United-Arsenal-December-13-2017-Premier-League,,0.4,1.0,2f10aa8f,0,0
18,Sat,2017-12-16,15:00,Arsenal,1–0,Newcastle Utd,59379,Emirates Stadium,Stuart Attwell,/en/matches/2d7430b9/Arsenal-Newcastle-United-December-16-2017-Premier-League,,1.8,0.3,2d7430b9,1,1
19,Fri,2017-12-22,19:45,Arsenal,3–3,Liverpool,59409,Emirates Stadium,Martin Atkinson,/en/matches/12c55371/Arsenal-Liverpool-December-22-2017-Premier-League,,1.2,2.0,12c55371,1,0
20,Thu,2017-12-28,20:00,Crystal Palace,2–3,Arsenal,25762,Selhurst Park,Michael Oliver,/en/matches/f0510a2c/Crystal-Palace-Arsenal-December-28-2017-Premier-League,,1.3,1.8,f0510a2c,0,1
21,Sun,2017-12-31,16:30,West Brom,1–1,Arsenal,26223,The Hawthorns,Mike Dean,/en/matches/1d0f3208/West-Bromwich-Albion-Arsenal-December-31-2017-Premier-League,,1.5,0.9,1d0f3208,0,0
22,Wed,2018-01-03,19:45,Arsenal,2–2,Chelsea,59379,Emirates Stadium,Anthony Taylor,/en/matches/cea73804/North-West-London-Derby-Arsenal-Chelsea-January-3-2018-Premier-League,,1.2,3.0,cea73804,1,0
23,Sun,2018-01-14,13:30,Bournemouth,2–1,Arsenal,10836,Vitality Stadium,Kevin Friend,/en/matches/085a3a26/Bournemouth-Arsenal-January-14-2018-Premier-League,,0.8,1.1,085a3a26,0,-1
24,Sat,2018-01-20,15:00,Arsenal,4–1,Crystal Palace,59386,Emirates Stadium,Chris Kavanagh,/en/matches/65607b87/Arsenal-Crystal-Palace-January-20-2018-Premier-League,,2.9,0.6,65607b87,1,3
25,Tue,2018-01-30,19:45,Swansea City,3–1,Arsenal,20819,Liberty Stadium,Lee Mason,/en/matches/d42b1f12/Swansea-City-Arsenal-January-30-2018-Premier-League,,2.1,1.3,d42b1f12,0,-2
26,Sat,2018-02-03,17:30,Arsenal,5–1,Everton,59306,Emirates Stadium,Niel Swarbrick,/en/matches/ac69ef1b/Arsenal-Everton-February-3-2018-Premier-League,,2.6,1.2,ac69ef1b,1,4
27,Sat,2018-02-10,12:30,Tottenham,1–0,Arsenal,83222,Wembley Stadium,Anthony Taylor,/en/matches/9be2b4a6/North-London-Derby-Tottenham-Hotspur-Arsenal-February-10-2018-Premier-League,,2.6,0.6,9be2b4a6,0,-1
28,Thu,2018-03-01,19:45,Arsenal,0–3,Manchester City,58420,Emirates Stadium,Andre Marriner,/en/matches/7a4e4ce6/Arsenal-Manchester-City-March-1-2018-Premier-League,,1.3,1.5,7a4e4ce6,1,-3
29,Sun,2018-03-04,13:30,Brighton,2–1,Arsenal,30620,The American Express Community Stadium,Stuart Attwell,/en/matches/42457283/Brighton-and-Hove-Albion-Arsenal-March-4-2018-Premier-League,,1.2,1.2,42457283,0,-1
30,Sun,2018-03-11,13:30,Arsenal,3–0,Watford,59131,Emirates Stadium,Martin Atkinson,/en/matches/9eba55b6/Arsenal-Watford-March-11-2018-Premier-League,,2.2,1.4,9eba55b6,1,3
32,Sun,2018-04-01,13:30,Arsenal,3–0,Stoke City,59371,Emirates Stadium,Craig Pawson,/en/matches/9c1a218b/Arsenal-Stoke-City-April-1-2018-Premier-League,,3.3,0.4,9c1a218b,1,3
33,Sun,2018-04-08,14:15,Arsenal,3–2,Southampton,59374,Emirates Stadium,Andre Marriner,/en/matches/dd1ec108/Arsenal-Southampton-April-8-2018-Premier-League,,1.6,2.0,dd1ec108,1,1
34,Sun,2018-04-15,13:30,Newcastle Utd,2–1,Arsenal,52210,St. James' Park,Anthony Taylor,/en/matches/a4ac40df/Newcastle-United-Arsenal-April-15-2018-Premier-League,,0.8,1.2,a4ac40df,0,-1
35,Sun,2018-04-22,13:30,Arsenal,4–1,West Ham,59422,Emirates Stadium,Lee Mason,/en/matches/183dc99a/Arsenal-West-Ham-United-April-22-2018-Premier-League,,1.8,0.8,183dc99a,1,3
36,Sun,2018-04-29,16:30,Manchester Utd,2–1,Arsenal,75035,Old Trafford,Kevin Friend,/en/matches/5b587217/Manchester-United-Arsenal-April-29-2018-Premier-League,,1.7,0.5,5b587217,0,-1
37,Sun,2018-05-06,16:30,Arsenal,5–0,Burnley,59540,Emirates Stadium,Andre Marriner,/en/matches/c8c42b05/Arsenal-Burnley-May-6-2018-Premier-League,,2.6,0.3,c8c42b05,1,5
31,Wed,2018-05-09,19:45,Leicester City,3–1,Arsenal,32095,King Power Stadium,Graham Scott,/en/matches/825733ff/Leicester-City-Arsenal-May-9-2018-Premier-League,,2.2,1.4,825733ff,0,-2
38,Sun,2018-05-13,15:00,Huddersfield,0–1,Arsenal,24122,The John Smith's Stadium,Michael Oliver,/en/matches/7c431214/Huddersfield-Town-Arsenal-May-13-2018-Premier-League,,1.7,2.0,7c431214,0,1
1,Sun,2018-08-12,16:00,Arsenal,0–2,Manchester City,59934,Emirates Stadium,Michael Oliver,/en/matches/478e9dab/Arsenal-Manchester-City-August-12-2018-Premier-League,,0.5,1.7,478e9dab,1,-2
2,Sat,2018-08-18,17:30,Chelsea,3–2,Arsenal,40491,Stamford Bridge,Martin Atkinson,/en/matches/9b69882c/North-West-London-Derby-Chelsea-Arsenal-August-18-2018-Premier-League,,1.6,2.4,9b69882c,0,-1
3,Sat,2018-08-25,15:00,Arsenal,3–1,West Ham,59830,Emirates Stadium,Graham Scott,/en/matches/0014076a/Arsenal-West-Ham-United-August-25-2018-Premier-League,,1.8,1.1,0014076a,1,2
4,Sun,2018-09-02,13:30,Cardiff City,2–3,Arsenal,32316,Cardiff City Stadium,Anthony Taylor,/en/matches/c1503e09/Cardiff-City-Arsenal-September-2-2018-Premier-League,,1.0,1.7,c1503e09,0,1
5,Sat,2018-09-15,15:00,Newcastle Utd,1–2,Arsenal,52165,St. James' Park,Lee Probert,/en/matches/b53e182d/Newcastle-United-Arsenal-September-15-2018-Premier-League,,0.4,1.0,b53e182d,0,1
6,Sun,2018-09-23,16:00,Arsenal,2–0,Everton,59964,Emirates Stadium,Jonathan Moss,/en/matches/a1fb6176/Arsenal-Everton-September-23-2018-Premier-League,,0.8,0.8,a1fb6176,1,2
7,Sat,2018-09-29,15:00,Arsenal,2–0,Watford,60019,Emirates Stadium,Anthony Taylor,/en/matches/d51c2069/Arsenal-Watford-September-29-2018-Premier-League,,1.4,2.8,d51c2069,1,2
8,Sun,2018-10-07,12:00,Fulham,1–5,Arsenal,25401,Craven Cottage,Paul Tierney,/en/matches/af4e1f4f/Fulham-Arsenal-October-7-2018-Premier-League,,1.4,1.1,af4e1f4f,0,4
9,Mon,2018-10-22,20:00,Arsenal,3–1,Leicester City,59886,Emirates Stadium,Chris Kavanagh,/en/matches/9ba76788/Arsenal-Leicester-City-October-22-2018-Premier-League,,2.7,0.5,9ba76788,1,2
10,Sun,2018-10-28,13:30,Crystal Palace,2–2,Arsenal,25718,Selhurst Park,Martin Atkinson,/en/matches/9113792c/Crystal-Palace-Arsenal-October-28-2018-Premier-League,,2.3,0.9,9113792c,0,0
11,Sat,2018-11-03,17:30,Arsenal,1–1,Liverpool,59993,Emirates Stadium,Andre Marriner,/en/matches/09767606/Arsenal-Liverpool-November-3-2018-Premier-League,,1.4,1.3,09767606,1,0
12,Sun,2018-11-11,16:30,Arsenal,1–1,Wolves,60030,Emirates Stadium,Stuart Attwell,/en/matches/419ce689/Arsenal-Wolverhampton-Wanderers-November-11-2018-Premier-League,,0.9,1.9,419ce689,1,0
13,Sun,2018-11-25,13:30,Bournemouth,1–2,Arsenal,10792,Vitality Stadium,Craig Pawson,/en/matches/753e2ff1/Bournemouth-Arsenal-November-25-2018-Premier-League,,0.6,1.6,753e2ff1,0,1
14,Sun,2018-12-02,14:05,Arsenal,4–2,Tottenham,59973,Emirates Stadium,Mike Dean,/en/matches/2ddc7388/North-London-Derby-Arsenal-Tottenham-Hotspur-December-2-2018-Premier-League,,2.7,1.2,2ddc7388,1,2
15,Wed,2018-12-05,20:00,Manchester Utd,2–2,Arsenal,74507,Old Trafford,Andre Marriner,/en/matches/12fa1e2f/Manchester-United-Arsenal-December-5-2018-Premier-League,,1.1,1.1,12fa1e2f,0,0
16,Sat,2018-12-08,15:00,Arsenal,1–0,Huddersfield,59893,Emirates Stadium,Paul Tierney,/en/matches/9bcabb8e/Arsenal-Huddersfield-Town-December-8-2018-Premier-League,,1.4,0.3,9bcabb8e,1,1
17,Sun,2018-12-16,13:30,Southampton,3–2,Arsenal,29497,St. Mary's Stadium,Chris Kavanagh,/en/matches/31896db5/Southampton-Arsenal-December-16-2018-Premier-League,,1.3,1.9,31896db5,0,-1
18,Sat,2018-12-22,12:30,Arsenal,3–1,Burnley,59493,Emirates Stadium,Kevin Friend,/en/matches/ffe874ee/Arsenal-Burnley-December-22-2018-Premier-League,,1.6,1.2,ffe874ee,1,2
19,Wed,2018-12-26,17:15,Brighton,1–1,Arsenal,30608,The American Express Community Stadium,Anthony Taylor,/en/matches/60a25a27/Brighton-and-Hove-Albion-Arsenal-December-26-2018-Premier-League,,1.1,0.8,60a25a27,0,0
20,Sat,2018-12-29,17:30,Liverpool,5–1,Arsenal,53326,Anfield,Michael Oliver,/en/matches/33716a25/Liverpool-Arsenal-December-29-2018-Premier-League,,3.8,1.0,33716a25,0,-4
21,Tue,2019-01-01,15:00,Arsenal,4–1,Fulham,59887,Emirates Stadium,Graham Scott,/en/matches/652ef5bb/Arsenal-Fulham-January-1-2019-Premier-League,,4.5,1.4,652ef5bb,1,3
22,Sat,2019-01-12,12:30,West Ham,1–0,Arsenal,59946,London Stadium,Jonathan Moss,/en/matches/3e57e4cd/West-Ham-United-Arsenal-January-12-2019-Premier-League,,0.6,0.7,3e57e4cd,0,-1
23,Sat,2019-01-19,17:30,Arsenal,2–0,Chelsea,59979,Emirates Stadium,Anthony Taylor,/en/matches/edb777b6/North-West-London-Derby-Arsenal-Chelsea-January-19-2019-Premier-League,,1.5,0.9,edb777b6,1,2
24,Tue,2019-01-29,19:45,Arsenal,2–1,Cardiff City,59933,Emirates Stadium,Mike Dean,/en/matches/f37ab33c/Arsenal-Cardiff-City-January-29-2019-Premier-League,,2.6,0.8,f37ab33c,1,1
25,Sun,2019-02-03,16:30,Manchester City,3–1,Arsenal,54483,Etihad Stadium,Martin Atkinson,/en/matches/dba05e48/Manchester-City-Arsenal-February-3-2019-Premier-League,,2.7,0.7,dba05e48,0,-2
26,Sat,2019-02-09,15:00,Huddersfield,1–2,Arsenal,24182,The John Smith's Stadium,Jonathan Moss,/en/matches/99562ab3/Huddersfield-Town-Arsenal-February-9-2019-Premier-League,,1.6,1.4,99562ab3,0,1
27,Sun,2019-02-24,14:05,Arsenal,2–0,Southampton,59877,Emirates Stadium,Graham Scott,/en/matches/1f6dfbb4/Arsenal-Southampton-February-24-2019-Premier-League,,2.1,0.8,1f6dfbb4,1,2
28,Wed,2019-02-27,19:45,Arsenal,5–1,Bournemouth,59618,Emirates Stadium,Chris Kavanagh,/en/matches/59600e66/Arsenal-Bournemouth-February-27-2019-Premier-League,,2.5,0.9,59600e66,1,4
29,Sat,2019-03-02,12:30,Tottenham,1–1,Arsenal,81332,Wembley Stadium,Anthony Taylor,/en/matches/72ed853c/North-London-Derby-Tottenham-Hotspur-Arsenal-March-2-2019-Premier-League,,1.6,2.6,72ed853c,0,0
30,Sun,2019-03-10,16:30,Arsenal,2–0,Manchester Utd,60000,Emirates Stadium,Jonathan Moss,/en/matches/6a9904c8/Arsenal-Manchester-United-March-10-2019-Premier-League,,1.7,2.3,6a9904c8,1,2
32,Mon,2019-04-01,20:00,Arsenal,2–0,Newcastle Utd,59869,Emirates Stadium,Anthony Taylor,/en/matches/5bf58a42/Arsenal-Newcastle-United-April-1-2019-Premier-League,,0.8,0.1,5bf58a42,1,2
33,Sun,2019-04-07,14:05,Everton,1–0,Arsenal,39400,Goodison Park,Kevin Friend,/en/matches/2da6911d/Everton-Arsenal-April-7-2019-Premier-League,,2.4,0.3,2da6911d,0,-1
34,Mon,2019-04-15,20:00,Watford,0–1,Arsenal,20480,Vicarage Road Stadium,Craig Pawson,/en/matches/b3f8966d/Watford-Arsenal-April-15-2019-Premier-League,,1.0,2.3,b3f8966d,0,1
35,Sun,2019-04-21,16:00,Arsenal,2–3,Crystal Palace,59929,Emirates Stadium,Jonathan Moss,/en/matches/e379285b/Arsenal-Crystal-Palace-April-21-2019-Premier-League,,1.2,1.6,e379285b,1,-1
31,Wed,2019-04-24,19:45,Wolves,3–1,Arsenal,31436,Molineux Stadium,Stuart Attwell,/en/matches/199f42bd/Wolverhampton-Wanderers-Arsenal-April-24-2019-Premier-League,,1.2,0.8,199f42bd,0,-2
36,Sun,2019-04-28,12:00,Leicester City,3–0,Arsenal,32037,King Power Stadium,Michael Oliver,/en/matches/373a22ae/Leicester-City-Arsenal-April-28-2019-Premier-League,,3.3,0.6,373a22ae,0,-3
37,Sun,2019-05-05,16:30,Arsenal,1–1,Brighton,59965,Emirates Stadium,Anthony Taylor,/en/matches/0fdf10d7/Arsenal-Brighton-and-Hove-Albion-May-5-2019-Premier-League,,2.4,1.9,0fdf10d7,1,0
38,Sun,2019-05-12,15:00,Burnley,1–3,Arsenal,21461,Turf Moor,Mike Dean,/en/matches/302b231e/Burnley-Arsenal-May-12-2019-Premier-League,,1.7,2.7,302b231e,0,2
1,Sun,2019-08-11,14:00,Newcastle Utd,0–1,Arsenal,47635,St. James' Park,Martin Atkinson,/en/matches/1405a610/Newcastle-United-Arsenal-August-11-2019-Premier-League,,0.4,1.1,1405a610,0,1
2,Sat,2019-08-17,12:30,Arsenal,2–1,Burnley,60214,Emirates Stadium,Mike Dean,/en/matches/ff7eda21/Arsenal-Burnley-August-17-2019-Premier-League,,0.8,1.5,ff7eda21,1,1
3,Sat,2019-08-24,17:30,Liverpool,3–1,Arsenal,53298,Anfield,Anthony Taylor,/en/matches/102b241e/Liverpool-Arsenal-August-24-2019-Premier-League,,2.5,1.0,102b241e,0,-2
4,Sun,2019-09-01,16:30,Arsenal,2–2,Tottenham,60333,Emirates Stadium,Martin Atkinson,/en/matches/0b6b8aaf/North-London-Derby-Arsenal-Tottenham-Hotspur-September-1-2019-Premier-League,,2.4,2.0,0b6b8aaf,1,0
5,Sun,2019-09-15,16:30,Watford,2–2,Arsenal,21360,Vicarage Road Stadium,Anthony Taylor,/en/matches/8257eda8/Watford-Arsenal-September-15-2019-Premier-League,,2.7,0.8,8257eda8,0,0
6,Sun,2019-09-22,16:30,Arsenal,3–2,Aston Villa,60331,Emirates Stadium,Jonathan Moss,/en/matches/d5fa0563/Arsenal-Aston-Villa-September-22-2019-Premier-League,,2.4,1.5,d5fa0563,1,1
7,Mon,2019-09-30,20:00,Manchester Utd,1–1,Arsenal,73201,Old Trafford,Kevin Friend,/en/matches/ce7501cd/Manchester-United-Arsenal-September-30-2019-Premier-League,,0.9,1.9,ce7501cd,0,0
8,Sun,2019-10-06,14:00,Arsenal,1–0,Bournemouth,60326,Emirates Stadium,Martin Atkinson,/en/matches/9575566f/Arsenal-Bournemouth-October-6-2019-Premier-League,,1.2,0.6,9575566f,1,1
9,Mon,2019-10-21,20:00,Sheffield Utd,1–0,Arsenal,30775,Bramall Lane,Mike Dean,/en/matches/f63044fd/Sheffield-United-Arsenal-October-21-2019-Premier-League,,0.9,1.0,f63044fd,0,-1
10,Sun,2019-10-27,16:30,Arsenal,2–2,Crystal Palace,60345,Emirates Stadium,Martin Atkinson,/en/matches/077b30ff/Arsenal-Crystal-Palace-October-27-2019-Premier-League,,1.3,1.6,077b30ff,1,0
11,Sat,2019-11-02,15:00,Arsenal,1–1,Wolves,60383,Emirates Stadium,Michael Oliver,/en/matches/a3427b2c/Arsenal-Wolverhampton-Wanderers-November-2-2019-Premier-League,,0.9,1.8,a3427b2c,1,0
12,Sat,2019-11-09,17:30,Leicester City,2–0,Arsenal,32209,King Power Stadium,Chris Kavanagh,/en/matches/8e13e609/Leicester-City-Arsenal-November-9-2019-Premier-League,,1.2,1.0,8e13e609,0,-2
13,Sat,2019-11-23,15:00,Arsenal,2–2,Southampton,60295,Emirates Stadium,Stuart Attwell,/en/matches/19a8b14e/Arsenal-Southampton-November-23-2019-Premier-League,,1.8,2.4,19a8b14e,1,0
14,Sun,2019-12-01,14:00,Norwich City,2–2,Arsenal,27067,Carrow Road,Paul Tierney,/en/matches/39fce32e/Norwich-City-Arsenal-December-1-2019-Premier-League,,0.8,1.9,39fce32e,0,0
15,Thu,2019-12-05,20:15,Arsenal,1–2,Brighton,60164,Emirates Stadium,Graham Scott,/en/matches/372828cb/Arsenal-Brighton-and-Hove-Albion-December-5-2019-Premier-League,,0.9,1.7,372828cb,1,-1
16,Mon,2019-12-09,20:00,West Ham,1–3,Arsenal,59936,London Stadium,Mike Dean,/en/matches/a48c4638/West-Ham-United-Arsenal-December-9-2019-Premier-League,,0.6,1.4,a48c4638,0,2
17,Sun,2019-12-15,16:30,Arsenal,0–3,Manchester City,60031,Emirates Stadium,Paul Tierney,/en/matches/bed05936/Arsenal-Manchester-City-December-15-2019-Premier-League,,0.5,1.3,bed05936,1,-3
18,Sat,2019-12-21,12:30,Everton,0–0,Arsenal,39336,Goodison Park,Kevin Friend,/en/matches/b9d1d1a7/Everton-Arsenal-December-21-2019-Premier-League,,0.5,0.6,b9d1d1a7,0,0
19,Thu,2019-12-26,15:00,Bournemouth,1–1,Arsenal,10234,Vitality Stadium,Stuart Attwell,/en/matches/5b1ecf02/Bournemouth-Arsenal-December-26-2019-Premier-League,,2.0,1.4,5b1ecf02,0,0
20,Sun,2019-12-29,14:00,Arsenal,1–2,Chelsea,60309,Emirates Stadium,Craig Pawson,/en/matches/850e18c6/North-West-London-Derby-Arsenal-Chelsea-December-29-2019-Premier-League,,0.5,1.4,850e18c6,1,-1
21,Wed,2020-01-01,20:00,Arsenal,2–0,Manchester Utd,60328,Emirates Stadium,Chris Kavanagh,/en/matches/f6b7d570/Arsenal-Manchester-United-January-1-2020-Premier-League,,1.5,0.7,f6b7d570,1,2
22,Sat,2020-01-11,12:30,Crystal Palace,1–1,Arsenal,25468,Selhurst Park,Paul Tierney,/en/matches/e1fdc1f9/Crystal-Palace-Arsenal-January-11-2020-Premier-League,,0.6,1.4,e1fdc1f9,0,0
23,Sat,2020-01-18,15:00,Arsenal,1–1,Sheffield Utd,60310,Emirates Stadium,Mike Dean,/en/matches/0333a4b6/Arsenal-Sheffield-United-January-18-2020-Premier-League,,1.4,0.8,0333a4b6,1,0
24,Tue,2020-01-21,20:15,Chelsea,2–2,Arsenal,40577,Stamford Bridge,Stuart Attwell,/en/matches/38d058ad/North-West-London-Derby-Chelsea-Arsenal-January-21-2020-Premier-League,,2.9,0.4,38d058ad,0,0
25,Sun,2020-02-02,14:00,Burnley,0–0,Arsenal,21048,Turf Moor,Chris Kavanagh,/en/matches/a6b40849/Burnley-Arsenal-February-2-2020-Premier-League,,1.9,1.2,a6b40849,0,0
26,Sun,2020-02-16,16:30,Arsenal,4–0,Newcastle Utd,60188,Emirates Stadium,Lee Mason,/en/matches/6ce374b0/Arsenal-Newcastle-United-February-16-2020-Premier-League,,2.6,0.9,6ce374b0,1,4
27,Sun,2020-02-23,16:30,Arsenal,3–2,Everton,60296,Emirates Stadium,Stuart Attwell,/en/matches/485003ed/Arsenal-Everton-February-23-2020-Premier-League,,1.3,2.7,485003ed,1,1
29,Sat,2020-03-07,15:00,Arsenal,1–0,West Ham,60335,Emirates Stadium,Martin Atkinson,/en/matches/bf382825/Arsenal-West-Ham-United-March-7-2020-Premier-League,,1.2,1.5,bf382825,1,1
28,Wed,2020-06-17,20:15,Manchester City,3–0,Arsenal,,Etihad Stadium,Anthony Taylor,/en/matches/5825b217/Manchester-City-Arsenal-June-17-2020-Premier-League,,2.6,0.3,5825b217,0,-3
30,Sat,2020-06-20,15:00,Brighton,2–1,Arsenal,,The American Express Community Stadium,Martin Atkinson,/en/matches/1abcdcde/Brighton-and-Hove-Albion-Arsenal-June-20-2020-Premier-League,,1.0,0.8,1abcdcde,0,-1
31,Thu,2020-06-25,18:00,Southampton,0–2,Arsenal,,St. Mary's Stadium,Graham Scott,/en/matches/38757aa1/Southampton-Arsenal-June-25-2020-Premier-League,,0.9,1.9,38757aa1,0,2
32,Wed,2020-07-01,18:00,Arsenal,4–0,Norwich City,,Emirates Stadium,Peter Bankes,/en/matches/cb52b4c8/Arsenal-Norwich-City-July-1-2020-Premier-League,,1.5,0.3,cb52b4c8,1,4
33,Sat,2020-07-04,17:30,Wolves,0–2,Arsenal,,Molineux Stadium,Michael Oliver,/en/matches/df13ee5b/Wolverhampton-Wanderers-Arsenal-July-4-2020-Premier-League,,1.2,1.3,df13ee5b,0,2
34,Tue,2020-07-07,20:15,Arsenal,1–1,Leicester City,,Emirates Stadium,Chris Kavanagh,/en/matches/a26b0a22/Arsenal-Leicester-City-July-7-2020-Premier-League,,1.1,0.9,a26b0a22,1,0
35,Sun,2020-07-12,16:30,Tottenham,2–1,Arsenal,,Tottenham Hotspur Stadium,Michael Oliver,/en/matches/6630c721/North-London-Derby-Tottenham-Hotspur-Arsenal-July-12-2020-Premier-League,,2.0,0.6,6630c721,0,-1
36,Wed,2020-07-15,20:15,Arsenal,2–1,Liverpool,,Emirates Stadium,Paul Tierney,/en/matches/12f95828/Arsenal-Liverpool-July-15-2020-Premier-League,,0.8,2.1,12f95828,1,1
37,Tue,2020-07-21,20:15,Aston Villa,1–0,Arsenal,,Villa Park,Chris Kavanagh,/en/matches/ca0b21bc/Aston-Villa-Arsenal-July-21-2020-Premier-League,,0.6,0.6,ca0b21bc,0,-1
38,Sun,2020-07-26,16:00,Arsenal,3–2,Watford,,Emirates Stadium,Mike Dean,/en/matches/5ecaeb4b/Arsenal-Watford-July-26-2020-Premier-League,,2.3,3.7,5ecaeb4b,1,1
1,Sat,2020-09-12,12:30,Fulham,0–3,Arsenal,,Craven Cottage,Chris Kavanagh,/en/matches/bf52349b/Fulham-Arsenal-September-12-2020-Premier-League,,0.1,1.9,bf52349b,0,3
2,Sat,2020-09-19,20:00,Arsenal,2–1,West Ham,,Emirates Stadium,Michael Oliver,/en/matches/f4835ec2/Arsenal-West-Ham-United-September-19-2020-Premier-League,,1.1,2.0,f4835ec2,1,1
3,Mon,2020-09-28,20:00,Liverpool,3–1,Arsenal,,Anfield,Craig Pawson,/en/matches/ebe4e309/Liverpool-Arsenal-September-28-2020-Premier-League,,2.7,1.3,ebe4e309,0,-2
4,Sun,2020-10-04,14:00,Arsenal,2–1,Sheffield Utd,,Emirates Stadium,Lee Mason,/en/matches/09725cb3/Arsenal-Sheffield-United-October-4-2020-Premier-League,,0.6,0.2,09725cb3,1,1
5,Sat,2020-10-17,17:30,Manchester City,1–0,Arsenal,,Etihad Stadium,Chris Kavanagh,/en/matches/e95b8546/Manchester-City-Arsenal-October-17-2020-Premier-League,,1.3,0.9,e95b8546,0,-1
6,Sun,2020-10-25,19:15,Arsenal,0–1,Leicester City,,Emirates Stadium,Craig Pawson,/en/matches/bcd3a9b4/Arsenal-Leicester-City-October-25-2020-Premier-League,,0.7,0.7,bcd3a9b4,1,-1
7,Sun,2020-11-01,16:30,Manchester Utd,0–1,Arsenal,,Old Trafford,Mike Dean,/en/matches/75dd1359/Manchester-United-Arsenal-November-1-2020-Premier-League,,0.4,1.0,75dd1359,0,1
8,Sun,2020-11-08,19:15,Arsenal,0–3,Aston Villa,,Emirates Stadium,Martin Atkinson,/en/matches/90fd3597/Arsenal-Aston-Villa-November-8-2020-Premier-League,,1.5,1.8,90fd3597,1,-3
9,Sun,2020-11-22,16:30,Leeds United,0–0,Arsenal,,Elland Road,Anthony Taylor,/en/matches/0dd6b39b/Leeds-United-Arsenal-November-22-2020-Premier-League,,1.8,0.9,0dd6b39b,0,0
10,Sun,2020-11-29,19:15,Arsenal,1–2,Wolves,,Emirates Stadium,Michael Oliver,/en/matches/fa17687c/Arsenal-Wolverhampton-Wanderers-November-29-2020-Premier-League,,1.5,1.8,fa17687c,1,-1
11,Sun,2020-12-06,16:30,Tottenham,2–0,Arsenal,2000,Tottenham Hotspur Stadium,Martin Atkinson,/en/matches/35abfa2f/North-London-Derby-Tottenham-Hotspur-Arsenal-December-6-2020-Premier-League,,0.3,0.6,35abfa2f,0,-2
12,Sun,2020-12-13,19:15,Arsenal,0–1,Burnley,2000,Emirates Stadium,Graham Scott,/en/matches/e4dc55d0/Arsenal-Burnley-December-13-2020-Premier-League,,1.6,1.4,e4dc55d0,1,-1
13,Wed,2020-12-16,18:00,Arsenal,1–1,Southampton,,Emirates Stadium,Paul Tierney,/en/matches/0ceceee4/Arsenal-Southampton-December-16-2020-Premier-League,,0.6,1.2,0ceceee4,1,0
14,Sat,2020-12-19,17:30,Everton,2–1,Arsenal,,Goodison Park,Andre Marriner,/en/matches/72fa1993/Everton-Arsenal-December-19-2020-Premier-League,,0.6,1.4,72fa1993,0,-1
15,Sat,2020-12-26,17:30,Arsenal,3–1,Chelsea,,Emirates Stadium,Michael Oliver,/en/matches/c5de8a0c/North-West-London-Derby-Arsenal-Chelsea-December-26-2020-Premier-League,,2.0,2.6,c5de8a0c,1,2
16,Tue,2020-12-29,18:00,Brighton,0–1,Arsenal,,The American Express Community Stadium,Martin Atkinson,/en/matches/fdca0bef/Brighton-and-Hove-Albion-Arsenal-December-29-2020-Premier-League,,0.8,1.1,fdca0bef,0,1
17,Sat,2021-01-02,20:00,West Brom,0–4,Arsenal,,The Hawthorns,Martin Atkinson,/en/matches/a56531b0/West-Bromwich-Albion-Arsenal-January-2-2021-Premier-League,,1.0,3.7,a56531b0,0,4
18,Thu,2021-01-14,20:00,Arsenal,0–0,Crystal Palace,,Emirates Stadium,Andre Marriner,/en/matches/0476b43a/Arsenal-Crystal-Palace-January-14-2021-Premier-League,,0.4,0.8,0476b43a,1,0
19,Mon,2021-01-18,20:00,Arsenal,3–0,Newcastle Utd,,Emirates Stadium,David Coote,/en/matches/620df215/Arsenal-Newcastle-United-January-18-2021-Premier-League,,2.4,0.2,620df215,1,3
20,Tue,2021-01-26,20:15,Southampton,1–3,Arsenal,,St. Mary's Stadium,Kevin Friend,/en/matches/ac54f8a6/Southampton-Arsenal-January-26-2021-Premier-League,,0.8,2.2,ac54f8a6,0,2
21,Sat,2021-01-30,17:30,Arsenal,0–0,Manchester Utd,,Emirates Stadium,Michael Oliver,/en/matches/0fcaaa5f/Arsenal-Manchester-United-January-30-2021-Premier-League,,0.9,1.6,0fcaaa5f,1,0
22,Tue,2021-02-02,18:00,Wolves,2–1,Arsenal,,Molineux Stadium,Craig Pawson,/en/matches/558fa672/Wolverhampton-Wanderers-Arsenal-February-2-2021-Premier-League,,1.5,0.8,558fa672,0,-1
23,Sat,2021-02-06,12:30,Aston Villa,1–0,Arsenal,,Villa Park,Chris Kavanagh,/en/matches/224bcfc4/Aston-Villa-Arsenal-February-6-2021-Premier-League,,1.2,0.8,224bcfc4,0,-1
24,Sun,2021-02-14,16:30,Arsenal,4–2,Leeds United,,Emirates Stadium,Stuart Attwell,/en/matches/85624e5e/Arsenal-Leeds-United-February-14-2021-Premier-League,,2.3,0.9,85624e5e,1,2
25,Sun,2021-02-21,16:30,Arsenal,0–1,Manchester City,,Emirates Stadium,Jonathan Moss,/en/matches/2dedf408/Arsenal-Manchester-City-February-21-2021-Premier-League,,0.3,1.8,2dedf408,1,-1
26,Sun,2021-02-28,12:00,Leicester City,1–3,Arsenal,,King Power Stadium,Paul Tierney,/en/matches/88b309f1/Leicester-City-Arsenal-February-28-2021-Premier-League,,0.4,2.3,88b309f1,0,2
27,Sat,2021-03-06,12:30,Burnley,1–1,Arsenal,,Turf Moor,Andre Marriner,/en/matches/db9a5ac8/Burnley-Arsenal-March-6-2021-Premier-League,,1.1,2.5,db9a5ac8,0,0
28,Sun,2021-03-14,16:30,Arsenal,2–1,Tottenham,,Emirates Stadium,Michael Oliver,/en/matches/127b8258/North-London-Derby-Arsenal-Tottenham-Hotspur-March-14-2021-Premier-League,,1.7,0.4,127b8258,1,1
29,Sun,2021-03-21,15:00,West Ham,3–3,Arsenal,,London Stadium,Jonathan Moss,/en/matches/c592a3d7/West-Ham-United-Arsenal-March-21-2021-Premier-League,,2.4,1.4,c592a3d7,0,0
30,Sat,2021-04-03,20:00,Arsenal,0–3,Liverpool,,Emirates Stadium,Stuart Attwell,/en/matches/562d1981/Arsenal-Liverpool-April-3-2021-Premier-League,,0.1,2.4,562d1981,1,-3
31,Sun,2021-04-11,19:00,Sheffield Utd,0–3,Arsenal,,Bramall Lane,Peter Bankes,/en/matches/34395b54/Sheffield-United-Arsenal-April-11-2021-Premier-League,,0.3,1.7,34395b54,0,3
32,Sun,2021-04-18,13:30,Arsenal,1–1,Fulham,,Emirates Stadium,Craig Pawson,/en/matches/a19ff865/Arsenal-Fulham-April-18-2021-Premier-League,,2.7,0.9,a19ff865,1,0
33,Fri,2021-04-23,20:00,Arsenal,0–1,Everton,,Emirates Stadium,Jonathan Moss,/en/matches/30f36320/Arsenal-Everton-April-23-2021-Premier-League,,0.8,0.5,30f36320,1,-1
34,Sun,2021-05-02,14:00,Newcastle Utd,0–2,Arsenal,,St. James' Park,Mike Dean,/en/matches/af2c27de/Newcastle-United-Arsenal-May-2-2021-Premier-League,,0.3,2.0,af2c27de,0,2
35,Sun,2021-05-09,19:00,Arsenal,3–1,West Brom,,Emirates Stadium,Peter Bankes,/en/matches/49369ed5/Arsenal-West-Bromwich-Albion-May-9-2021-Premier-League,,0.9,1.8,49369ed5,1,2
36,Wed,2021-05-12,20:15,Chelsea,0–1,Arsenal,,Stamford Bridge,Andre Marriner,/en/matches/51632a55/North-West-London-Derby-Chelsea-Arsenal-May-12-2021-Premier-League,,1.8,0.6,51632a55,0,1
37,Wed,2021-05-19,19:00,Crystal Palace,1–3,Arsenal,6500,Selhurst Park,Anthony Taylor,/en/matches/624e6758/Crystal-Palace-Arsenal-May-19-2021-Premier-League,,1.0,1.8,624e6758,0,2
38,Sun,2021-05-23,16:00,Arsenal,2–0,Brighton,10000,Emirates Stadium,Jonathan Moss,/en/matches/9f6c52f8/Arsenal-Brighton-and-Hove-Albion-May-23-2021-Premier-League,,0.8,0.2,9f6c52f8,1,2
1,Fri,2022-08-05,20:00,Crystal Palace,0–2,Arsenal,25286,Selhurst Park,Anthony Taylor,/en/matches/e62f6e78/Crystal-Palace-Arsenal-August-5-2022-Premier-League,,1.2,1.0,e62f6e78,0,2
2,Sat,2022-08-13,15:00,Arsenal,4–2,Leicester City,60033,Emirates Stadium,Darren England,/en/matches/7483b97f/Arsenal-Leicester-City-August-13-2022-Premier-League,,2.7,0.5,7483b97f,1,2
3,Sat,2022-08-20,17:30,Bournemouth,0–3,Arsenal,10423,Vitality Stadium,Craig Pawson,/en/matches/7f11dd9e/Bournemouth-Arsenal-August-20-2022-Premier-League,,0.3,1.3,7f11dd9e,0,3
4,Sat,2022-08-27,17:30,Arsenal,2–1,Fulham,60164,Emirates Stadium,Jarred Gillett,/en/matches/8b69fd2d/Arsenal-Fulham-August-27-2022-Premier-League,,2.6,0.8,8b69fd2d,1,1
5,Wed,2022-08-31,19:30,Arsenal,2–1,Aston Villa,60012,Emirates Stadium,Robert Jones,/en/matches/cc235aad/Arsenal-Aston-Villa-August-31-2022-Premier-League,,2.4,0.4,cc235aad,1,1
6,Sun,2022-09-04,16:30,Manchester Utd,3–1,Arsenal,73431,Old Trafford,Paul Tierney,/en/matches/61ddafa5/Manchester-United-Arsenal-September-4-2022-Premier-League,,1.5,1.3,61ddafa5,0,-2
8,Sun,2022-09-18,12:00,Brentford,0–3,Arsenal,17122,Brentford Community Stadium,David Coote,/en/matches/fd5626e6/Brentford-Arsenal-September-18-2022-Premier-League,,0.5,1.5,fd5626e6,0,3
9,Sat,2022-10-01,12:30,Arsenal,3–1,Tottenham,60278,Emirates Stadium,Anthony Taylor,/en/matches/aefe3b90/North-London-Derby-Arsenal-Tottenham-Hotspur-October-1-2022-Premier-League,,2.4,1.6,aefe3b90,1,2
10,Sun,2022-10-09,16:30,Arsenal,3–2,Liverpool,60059,Emirates Stadium,Michael Oliver,/en/matches/84a48413/Arsenal-Liverpool-October-9-2022-Premier-League,,2.7,1.1,84a48413,1,1
11,Sun,2022-10-16,14:00,Leeds United,0–1,Arsenal,36700,Elland Road,Chris Kavanagh,/en/matches/92885cfc/Leeds-United-Arsenal-October-16-2022-Premier-League,,1.8,0.5,92885cfc,0,1
13,Sun,2022-10-23,14:00,Southampton,1–1,Arsenal,31145,St. Mary's Stadium,Robert Jones,/en/matches/d8138438/Southampton-Arsenal-October-23-2022-Premier-League,,0.7,1.0,d8138438,0,0
14,Sun,2022-10-30,14:00,Arsenal,5–0,Nott'ham Forest,60263,Emirates Stadium,Simon Hooper,/en/matches/1b496cc1/Arsenal-Nottingham-Forest-October-30-2022-Premier-League,,2.3,0.4,1b496cc1,1,5
15,Sun,2022-11-06,12:00,Chelsea,0–1,Arsenal,40142,Stamford Bridge,Michael Oliver,/en/matches/af9dc838/North-West-London-Derby-Chelsea-Arsenal-November-6-2022-Premier-League,,0.3,2.1,af9dc838,0,1
16,Sat,2022-11-12,19:45,Wolves,0–2,Arsenal,34624,Molineux Stadium,Stuart Attwell,/en/matches/863d7a8f/Wolverhampton-Wanderers-Arsenal-November-12-2022-Premier-League,,0.7,2.1,863d7a8f,0,2
17,Mon,2022-12-26,20:00,Arsenal,3–1,West Ham,60125,Emirates Stadium,Michael Oliver,/en/matches/3be32b8b/Arsenal-West-Ham-United-December-26-2022-Premier-League,,2.1,1.0,3be32b8b,1,2
18,Sat,2022-12-31,17:30,Brighton,2–4,Arsenal,31647,The American Express Community Stadium,Anthony Taylor,/en/matches/dd50a429/Brighton-and-Hove-Albion-Arsenal-December-31-2022-Premier-League,,1.2,2.9,dd50a429,0,2
19,Tue,2023-01-03,19:45,Arsenal,0–0,Newcastle Utd,60319,Emirates Stadium,Andy Madley,/en/matches/ceebd643/Arsenal-Newcastle-United-January-3-2023-Premier-League,,1.1,1.0,ceebd643,1,0
20,Sun,2023-01-15,16:30,Tottenham,0–2,Arsenal,61870,Tottenham Hotspur Stadium,Craig Pawson,/en/matches/4fc8b7b2/North-London-Derby-Tottenham-Hotspur-Arsenal-January-15-2023-Premier-League,,1.6,1.8,4fc8b7b2,0,2
21,Sun,2023-01-22,16:30,Arsenal,3–2,Manchester Utd,60325,Emirates Stadium,Anthony Taylor,/en/matches/1b35bc71/Arsenal-Manchester-United-January-22-2023-Premier-League,,3.1,0.4,1b35bc71,1,1
22,Sat,2023-02-04,12:30,Everton,1–0,Arsenal,39314,Goodison Park,David Coote,/en/matches/07fc721a/Everton-Arsenal-February-4-2023-Premier-League,,1.7,0.9,07fc721a,0,-1
23,Sat,2023-02-11,15:00,Arsenal,1–1,Brentford,60254,Emirates Stadium,Peter Bankes,/en/matches/7caa56bc/Arsenal-Brentford-February-11-2023-Premier-League,,1.6,2.0,7caa56bc,1,0
12,Wed,2023-02-15,19:30,Arsenal,1–3,Manchester City,60276,Emirates Stadium,Anthony Taylor,/en/matches/b9da01e6/Arsenal-Manchester-City-February-15-2023-Premier-League,,1.6,1.8,b9da01e6,1,-2
24,Sat,2023-02-18,12:30,Aston Villa,2–4,Arsenal,42066,Villa Park,Simon Hooper,/en/matches/e50bfcf8/Aston-Villa-Arsenal-February-18-2023-Premier-League,,0.5,3.2,e50bfcf8,0,2
25,Sat,2023-02-25,15:00,Leicester City,0–1,Arsenal,32227,King Power Stadium,Craig Pawson,/en/matches/145cc0a5/Leicester-City-Arsenal-February-25-2023-Premier-League,,0.0,0.7,145cc0a5,0,1
7,Wed,2023-03-01,19:45,Arsenal,4–0,Everton,60213,Emirates Stadium,Michael Oliver,/en/matches/705a2f3c/Arsenal-Everton-March-1-2023-Premier-League,,2.4,1.2,705a2f3c,1,4
26,Sat,2023-03-04,15:00,Arsenal,3–2,Bournemouth,60222,Emirates Stadium,Chris Kavanagh,/en/matches/3e9a33fc/Arsenal-Bournemouth-March-4-2023-Premier-League,,2.1,1.3,3e9a33fc,1,1
27,Sun,2023-03-12,14:00,Fulham,0–3,Arsenal,24426,Craven Cottage,David Coote,/en/matches/d238973c/Fulham-Arsenal-March-12-2023-Premier-League,,0.8,2.3,d238973c,0,3
28,Sun,2023-03-19,14:00,Arsenal,4–1,Crystal Palace,60247,Emirates Stadium,Stuart Attwell,/en/matches/98e0de00/Arsenal-Crystal-Palace-March-19-2023-Premier-League,,1.6,0.8,98e0de00,1,3
29,Sat,2023-04-01,15:00,Arsenal,4–1,Leeds United,60283,Emirates Stadium,Darren England,/en/matches/2e4383ca/Arsenal-Leeds-United-April-1-2023-Premier-League,,3.8,0.7,2e4383ca,1,3
30,Sun,2023-04-09,16:30,Liverpool,2–2,Arsenal,53267,Anfield,Paul Tierney,/en/matches/f3774baa/Liverpool-Arsenal-April-9-2023-Premier-League,,3.9,1.4,f3774baa,0,0
31,Sun,2023-04-16,14:00,West Ham,2–2,Arsenal,62481,London Stadium,David Coote,/en/matches/3120ba0d/West-Ham-United-Arsenal-April-16-2023-Premier-League,,1.8,2.7,3120ba0d,0,0
32,Fri,2023-04-21,20:00,Arsenal,3–3,Southampton,60175,Emirates Stadium,Simon Hooper,/en/matches/12efc7dd/Arsenal-Southampton-April-21-2023-Premier-League,,2.4,1.3,12efc7dd,1,0
33,Wed,2023-04-26,20:00,Manchester City,4–1,Arsenal,53482,Etihad Stadium,Michael Oliver,/en/matches/00a73645/Manchester-City-Arsenal-April-26-2023-Premier-League,,2.5,0.5,00a73645,0,-3
34,Tue,2023-05-02,20:00,Arsenal,3–1,Chelsea,60144,Emirates Stadium,Robert Jones,/en/matches/2d551ff5/North-West-London-Derby-Arsenal-Chelsea-May-2-2023-Premier-League,,1.7,0.8,2d551ff5,1,2
35,Sun,2023-05-07,16:30,Newcastle Utd,0–2,Arsenal,50267,St James' Park,Chris Kavanagh,/en/matches/9bb3a778/Newcastle-United-Arsenal-May-7-2023-Premier-League,,1.3,1.3,9bb3a778,0,2
36,Sun,2023-05-14,16:30,Arsenal,0–3,Brighton,60139,Emirates Stadium,Andy Madley,/en/matches/dc6fb985/Arsenal-Brighton-and-Hove-Albion-May-14-2023-Premier-League,,0.9,1.7,dc6fb985,1,-3
37,Sat,2023-05-20,17:30,Nott'ham Forest,1–0,Arsenal,29514,The City Ground,Anthony Taylor,/en/matches/9a2ea2b3/Nottingham-Forest-Arsenal-May-20-2023-Premier-League,,0.6,0.6,9a2ea2b3,0,-1
38,Sun,2023-05-28,16:30,Arsenal,5–0,Wolves,60095,Emirates Stadium,Andre Marriner,/en/matches/71d5bd41/Arsenal-Wolverhampton-Wanderers-May-28-2023-Premier-League,,2.8,0.5,71d5bd41,1,5
1,Sat,2023-08-12,12:30,Arsenal,2–1,Nott'ham Forest,59984,Emirates Stadium,Michael Oliver,/en/matches/26a7f90c/Arsenal-Nottingham-Forest-August-12-2023-Premier-League,,0.8,1.2,26a7f90c,1,1
2,Mon,2023-08-21,20:00,Crystal Palace,0–1,Arsenal,24189,Selhurst Park,David Coote,/en/matches/3b5ecd36/Crystal-Palace-Arsenal-August-21-2023-Premier-League,,1.0,2.0,3b5ecd36,0,1
3,Sat,2023-08-26,15:00,Arsenal,2–2,Fulham,59961,Emirates Stadium,Paul Tierney,/en/matches/d8f8f8ad/Arsenal-Fulham-August-26-2023-Premier-League,,3.2,0.6,d8f8f8ad,1,0
4,Sun,2023-09-03,16:30,Arsenal,3–1,Manchester Utd,60192,Emirates Stadium,Anthony Taylor,/en/matches/74125d47/Arsenal-Manchester-United-September-3-2023-Premier-League,,2.3,0.9,74125d47,1,2
5,Sun,2023-09-17,16:30,Everton,0–1,Arsenal,39217,Goodison Park,Simon Hooper,/en/matches/b1278924/Everton-Arsenal-September-17-2023-Premier-League,,0.3,1.0,b1278924,0,1
6,Sun,2023-09-24,14:00,Arsenal,2–2,Tottenham,60156,Emirates Stadium,Robert Jones,/en/matches/08947a10/North-London-Derby-Arsenal-Tottenham-Hotspur-September-24-2023-Premier-League,,1.8,1.4,08947a10,1,0
7,Sat,2023-09-30,15:00,Bournemouth,0–4,Arsenal,11193,Vitality Stadium,Michael Salisbury,/en/matches/8de4aca0/Bournemouth-Arsenal-September-30-2023-Premier-League,,0.6,3.4,8de4aca0,0,4
8,Sun,2023-10-08,16:30,Arsenal,1–0,Manchester City,60233,Emirates Stadium,Michael Oliver,/en/matches/59cd18ae/Arsenal-Manchester-City-October-8-2023-Premier-League,,0.4,0.5,59cd18ae,1,1
9,Sat,2023-10-21,17:30,Chelsea,2–2,Arsenal,39723,Stamford Bridge,Chris Kavanagh,/en/matches/a1c336e2/North-West-London-Derby-Chelsea-Arsenal-October-21-2023-Premier-League,,1.3,1.0,a1c336e2,0,0
10,Sat,2023-10-28,15:00,Arsenal,5–0,Sheffield Utd,60153,Emirates Stadium,Tim Robinson,/en/matches/d498f918/Arsenal-Sheffield-United-October-28-2023-Premier-League,,2.8,0.0,d498f918,1,5
11,Sat,2023-11-04,17:30,Newcastle Utd,1–0,Arsenal,52194,St James' Park,Stuart Attwell,/en/matches/6096abaa/Newcastle-United-Arsenal-November-4-2023-Premier-League,,1.0,0.6,6096abaa,0,-1
12,Sat,2023-11-11,15:00,Arsenal,3–1,Burnley,60232,Emirates Stadium,Michael Oliver,/en/matches/2cb4e4dc/Arsenal-Burnley-November-11-2023-Premier-League,,1.8,0.3,2cb4e4dc,1,2
13,Sat,2023-11-25,17:30,Brentford,0–1,Arsenal,17201,Gtech Community Stadium,Tim Robinson,/en/matches/626c6561/Brentford-Arsenal-November-25-2023-Premier-League,,1.1,1.6,626c6561,0,1
14,Sat,2023-12-02,15:00,Arsenal,2–1,Wolves,60262,Emirates Stadium,Peter Bankes,/en/matches/6e65df8e/Arsenal-Wolverhampton-Wanderers-December-2-2023-Premier-League,,2.8,0.7,6e65df8e,1,1
15,Tue,2023-12-05,20:15,Luton Town,3–4,Arsenal,11031,Kenilworth Road Stadium,Samuel Barrott,/en/matches/dd3a5afc/Luton-Town-Arsenal-December-5-2023-Premier-League,,0.5,2.2,dd3a5afc,0,1
16,Sat,2023-12-09,17:30,Aston Villa,1–0,Arsenal,42000,Villa Park,Jarred Gillett,/en/matches/8cf29e50/Aston-Villa-Arsenal-December-9-2023-Premier-League,,0.6,1.4,8cf29e50,0,-1
17,Sun,2023-12-17,14:00,Arsenal,2–0,Brighton,60257,Emirates Stadium,Tim Robinson,/en/matches/e3a46a4e/Arsenal-Brighton-and-Hove-Albion-December-17-2023-Premier-League,,2.3,0.7,e3a46a4e,1,2
18,Sat,2023-12-23,17:30,Liverpool,1–1,Arsenal,57548,Anfield,Chris Kavanagh,/en/matches/bfbfbbe8/Liverpool-Arsenal-December-23-2023-Premier-League,,1.0,0.7,bfbfbbe8,0,0
19,Thu,2023-12-28,20:15,Arsenal,0–2,West Ham,60261,Emirates Stadium,Michael Oliver,/en/matches/ba570015/Arsenal-West-Ham-United-December-28-2023-Premier-League,,2.7,1.4,ba570015,1,-2
20,Sun,2023-12-31,14:00,Fulham,2–1,Arsenal,24444,Craven Cottage,Joshua Smith,/en/matches/6c1b6ffc/Fulham-Arsenal-December-31-2023-Premier-League,,1.2,1.6,6c1b6ffc,0,-1
21,Sat,2024-01-20,12:30,Arsenal,5–0,Crystal Palace,60284,Emirates Stadium,Paul Tierney,/en/matches/006fb5b5/Arsenal-Crystal-Palace-January-20-2024-Premier-League,,3.3,0.3,006fb5b5,1,5
22,Tue,2024-01-30,19:30,Nott'ham Forest,1–2,Arsenal,29387,The City Ground,Simon Hooper,/en/matches/20a16b44/Nottingham-Forest-Arsenal-January-30-2024-Premier-League,,0.5,1.2,20a16b44,0,1
23,Sun,2024-02-04,16:30,Arsenal,3–1,Liverpool,60374,Emirates Stadium,Anthony Taylor,/en/matches/99020abf/Arsenal-Liverpool-February-4-2024-Premier-League,,3.5,0.4,99020abf,1,2
24,Sun,2024-02-11,14:00,West Ham,0–6,Arsenal,62475,London Stadium,Craig Pawson,/en/matches/a1da23dc/West-Ham-United-Arsenal-February-11-2024-Premier-League,,0.2,3.6,a1da23dc,0,6
25,Sat,2024-02-17,15:00,Burnley,0–5,Arsenal,21311,Turf Moor,Jarred Gillett,/en/matches/59631171/Burnley-Arsenal-February-17-2024-Premier-League,,0.3,2.3,59631171,0,5
26,Sat,2024-02-24,20:00,Arsenal,4–1,Newcastle Utd,60298,Emirates Stadium,Paul Tierney,/en/matches/8f922133/Arsenal-Newcastle-United-February-24-2024-Premier-League,,2.8,0.2,8f922133,1,3
27,Mon,2024-03-04,20:00,Sheffield Utd,0–6,Arsenal,29157,Bramall Lane,Samuel Barrott,/en/matches/2eca8900/Sheffield-United-Arsenal-March-4-2024-Premier-League,,0.2,2.3,2eca8900,0,6
28,Sat,2024-03-09,17:30,Arsenal,2–1,Brentford,60331,Emirates Stadium,Robert Jones,/en/matches/0e9002ec/Arsenal-Brentford-March-9-2024-Premier-League,,1.3,1.0,0e9002ec,1,1
30,Sun,2024-03-31,16:30,Manchester City,0–0,Arsenal,52178,Etihad Stadium,Anthony Taylor,/en/matches/76b4b194/Manchester-City-Arsenal-March-31-2024-Premier-League,,1.0,0.7,76b4b194,0,0
31,Wed,2024-04-03,19:30,Arsenal,2–0,Luton Town,60262,Emirates Stadium,Craig Pawson,/en/matches/77d7e2d6/Arsenal-Luton-Town-April-3-2024-Premier-League,,0.7,0.3,77d7e2d6,1,2
32,Sat,2024-04-06,17:30,Brighton,0–3,Arsenal,31677,The American Express Community Stadium,John Brooks,/en/matches/2047cc32/Brighton-and-Hove-Albion-Arsenal-April-6-2024-Premier-League,,0.5,3.4,2047cc32,0,3
33,Sun,2024-04-14,16:30,Arsenal,0–2,Aston Villa,60350,Emirates Stadium,David Coote,/en/matches/c1739ced/Arsenal-Aston-Villa-April-14-2024-Premier-League,,1.6,0.9,c1739ced,1,-2
34,Sat,2024-04-20,19:30,Wolves,0–2,Arsenal,31621,Molineux Stadium,Paul Tierney,/en/matches/22881ea2/Wolverhampton-Wanderers-Arsenal-April-20-2024-Premier-League,,0.2,1.2,22881ea2,0,2
29,Tue,2024-04-23,20:00,Arsenal,5–0,Chelsea,60238,Emirates Stadium,Simon Hooper,/en/matches/3435dfcc/North-West-London-Derby-Arsenal-Chelsea-April-23-2024-Premier-League,,3.3,1.6,3435dfcc,1,5
35,Sun,2024-04-28,14:00,Tottenham,2–3,Arsenal,61554,Tottenham Hotspur Stadium,Michael Oliver,/en/matches/d98c9a99/North-London-Derby-Tottenham-Hotspur-Arsenal-April-28-2024-Premier-League,,2.3,1.0,d98c9a99,0,1
36,Sat,2024-05-04,12:30,Arsenal,3–0,Bournemouth,60348,Emirates Stadium,David Coote,/en/matches/00bcfc31/Arsenal-Bournemouth-May-4-2024-Premier-League,,3.3,0.5,00bcfc31,1,3
37,Sun,2024-05-12,16:30,Manchester Utd,0–1,Arsenal,73600,Old Trafford,Paul Tierney,/en/matches/ab9827f2/Manchester-United-Arsenal-May-12-2024-Premier-League,,0.5,1.5,ab9827f2,0,1
38,Sun,2024-05-19,16:00,Arsenal,2–1,Everton,60312,Emirates Stadium,Michael Oliver,/en/matches/3e33bd98/Arsenal-Everton-May-19-2024-Premier-League,,2.9,0.6,3e33bd98,1,1
1,Sat,2024-08-17,15:00,Arsenal,2–0,Wolves,60261,Emirates Stadium,Jarred Gillett,/en/matches/c0e3342a/Arsenal-Wolverhampton-Wanderers-August-17-2024-Premier-League,,1.2,0.5,c0e3342a,1,2
2,Sat,2024-08-24,17:30,Aston Villa,0–2,Arsenal,41587,Villa Park,Michael Oliver,/en/matches/4692171a/Aston-Villa-Arsenal-August-24-2024-Premier-League,,1.2,0.9,4692171a,0,2
3,Sat,2024-08-31,12:30,Arsenal,1–1,Brighton,60326,Emirates Stadium,Chris Kavanagh,/en/matches/a843d023/Arsenal-Brighton-and-Hove-Albion-August-31-2024-Premier-League,,2.1,1.7,a843d023,1,0
4,Sun,2024-09-15,14:00,Tottenham,0–1,Arsenal,61645,Tottenham Hotspur Stadium,Jarred Gillett,/en/matches/17774a57/North-London-Derby-Tottenham-Hotspur-Arsenal-September-15-2024-Premier-League,,0.7,0.7,17774a57,0,1
5,Sun,2024-09-22,16:30,Manchester City,2–2,Arsenal,52846,Etihad Stadium,Michael Oliver,/en/matches/d7538020/Manchester-City-Arsenal-September-22-2024-Premier-League,,2.1,0.7,d7538020,0,0
6,Sat,2024-09-28,15:00,Arsenal,4–2,Leicester City,60323,Emirates Stadium,Samuel Barrott,/en/matches/2ee60ac7/Arsenal-Leicester-City-September-28-2024-Premier-League,,4.4,0.3,2ee60ac7,1,2
7,Sat,2024-10-05,15:00,Arsenal,3–1,Southampton,60307,Emirates Stadium,Tony Harrington,/en/matches/c6439e5b/Arsenal-Southampton-October-5-2024-Premier-League,,2.8,0.6,c6439e5b,1,2
8,Sat,2024-10-19,17:30,Bournemouth,2–0,Arsenal,11235,Vitality Stadium,Robert Jones,/en/matches/01e63a1f/Bournemouth-Arsenal-October-19-2024-Premier-League,,1.8,0.7,01e63a1f,0,-2
9,Sun,2024-10-27,16:30,Arsenal,2–2,Liverpool,60383,Emirates Stadium,Anthony Taylor,/en/matches/68aa1099/Arsenal-Liverpool-October-27-2024-Premier-League,,0.9,0.8,68aa1099,1,0
10,Sat,2024-11-02,12:30,Newcastle Utd,1–0,Arsenal,52249,St James' Park,John Brooks,/en/matches/cc960c22/Newcastle-United-Arsenal-November-2-2024-Premier-League,,0.5,1.1,cc960c22,0,-1
11,Sun,2024-11-10,16:30,Chelsea,1–1,Arsenal,39780,Stamford Bridge,Michael Oliver,/en/matches/2874d56e/North-West-London-Derby-Chelsea-Arsenal-November-10-2024-Premier-League,,1.5,1.5,2874d56e,0,0
12,Sat,2024-11-23,15:00,Arsenal,3–0,Nott'ham Forest,60298,Emirates Stadium,Simon Hooper,/en/matches/0cb4129b/Arsenal-Nottingham-Forest-November-23-2024-Premier-League,,1.2,0.3,0cb4129b,1,3
13,Sat,2024-11-30,17:30,West Ham,2–5,Arsenal,62475,London Stadium,Anthony Taylor,/en/matches/f78bee62/West-Ham-United-Arsenal-November-30-2024-Premier-League,,1.5,3.5,f78bee62,0,3
14,Wed,2024-12-04,20:15,Arsenal,2–0,Manchester Utd,60256,Emirates Stadium,Samuel Barrott,/en/matches/9938aa27/Arsenal-Manchester-United-December-4-2024-Premier-League,,2.1,0.2,9938aa27,1,2
15,Sun,2024-12-08,14:00,Fulham,1–1,Arsenal,26954,Craven Cottage,Chris Kavanagh,/en/matches/038dfa98/Fulham-Arsenal-December-8-2024-Premier-League,,0.2,1.8,038dfa98,0,0
16,Sat,2024-12-14,15:00,Arsenal,0–0,Everton,60176,Emirates Stadium,Craig Pawson,/en/matches/32aa9e8e/Arsenal-Everton-December-14-2024-Premier-League,,1.2,0.1,32aa9e8e,1,0
17,Sat,2024-12-21,17:30,Crystal Palace,1–5,Arsenal,25167,Selhurst Park,Simon Hooper,/en/matches/5e7aa707/Crystal-Palace-Arsenal-December-21-2024-Premier-League,,1.6,2.5,5e7aa707,0,4
18,Fri,2024-12-27,20:15,Arsenal,1–0,Ipswich Town,60271,Emirates Stadium,Darren England,/en/matches/668dad03/Arsenal-Ipswich-Town-December-27-2024-Premier-League,,1.8,0.2,668dad03,1,1
19,Wed,2025-01-01,17:30,Brentford,1–3,Arsenal,47190,Gtech Community Stadium,Peter Bankes,/en/matches/7e6892e4/Brentford-Arsenal-January-1-2025-Premier-League,,0.3,1.9,7e6892e4,0,2
20,Sat,2025-01-04,17:30,Brighton,1–1,Arsenal,31714,The American Express Stadium,Anthony Taylor,/en/matches/52186da4/Brighton-and-Hove-Albion-Arsenal-January-4-2025-Premier-League,,1.5,0.9,52186da4,0,0
21,Wed,2025-01-15,20:00,Arsenal,2–1,Tottenham,60287,Emirates Stadium,Simon Hooper,/en/matches/ee9ce5e2/North-London-Derby-Arsenal-Tottenham-Hotspur-January-15-2025-Premier-League,,1.4,0.8,ee9ce5e2,1,1
22,Sat,2025-01-18,17:30,Arsenal,2–2,Aston Villa,60067,Emirates Stadium,Chris Kavanagh,/en/matches/1fdaaaba/Arsenal-Aston-Villa-January-18-2025-Premier-League,,1.3,1.0,1fdaaaba,1,0
23,Sat,2025-01-25,15:00,Wolves,0–1,Arsenal,31503,Molineux Stadium,Michael Oliver,/en/matches/0b39252e/Wolverhampton-Wanderers-Arsenal-January-25-2025-Premier-League,,0.7,1.0,0b39252e,0,1
24,Sun,2025-02-02,16:30,Arsenal,5–1,Manchester City,60355,Emirates Stadium,Peter Bankes,/en/matches/2906e921/Arsenal-Manchester-City-February-2-2025-Premier-League,,1.0,0.8,2906e921,1,4
25,Sat,2025-02-15,12:30,Leicester City,0–2,Arsenal,31968,King Power Stadium,Samuel Barrott,/en/matches/af8aa0dd/Leicester-City-Arsenal-February-15-2025-Premier-League,,0.2,1.4,af8aa0dd,0,2
26,Sat,2025-02-22,15:00,Arsenal,0–1,West Ham,60262,Emirates Stadium,Craig Pawson,/en/matches/e511e91c/Arsenal-West-Ham-United-February-22-2025-Premier-League,,1.2,1.1,e511e91c,1,-1
27,Wed,2025-02-26,19:30,Nott'ham Forest,0–0,Arsenal,30200,The City Ground,Andy Madley,/en/matches/d4387bc1/Nottingham-Forest-Arsenal-February-26-2025-Premier-League,,0.4,1.0,d4387bc1,0,0
28,Sun,2025-03-09,16:30,Manchester Utd,1–1,Arsenal,73812,Old Trafford,Anthony Taylor,/en/matches/8efec987/Manchester-United-Arsenal-March-9-2025-Premier-League,,1.5,1.6,8efec987,0,0
29,Sun,2025-03-16,13:30,Arsenal,1–0,Chelsea,60311,Emirates Stadium,Chris Kavanagh,/en/matches/22de525d/North-West-London-Derby-Arsenal-Chelsea-March-16-2025-Premier-League,,0.7,0.4,22de525d,1,1
30,Tue,2025-04-01,19:45,Arsenal,2–1,Fulham,60256,Emirates Stadium,John Brooks,/en/matches/777d595c/Arsenal-Fulham-April-1-2025-Premier-League,,2.2,1.0,777d595c,1,1
31,Sat,2025-04-05,12:30,Everton,1–1,Arsenal,39316,Goodison Park,Darren England,/en/matches/8a72e3dc/Everton-Arsenal-April-5-2025-Premier-League,,1.1,1.8,8a72e3dc,0,0
32,Sat,2025-04-12,17:30,Arsenal,1–1,Brentford,60184,Emirates Stadium,Simon Hooper,/en/matches/471d2141/Arsenal-Brentford-April-12-2025-Premier-League,,1.0,0.2,471d2141,1,0
33,Sun,2025-04-20,14:00,Ipswich Town,0–4,Arsenal,29549,Portman Road Stadium,Chris Kavanagh,/en/matches/2b599f1a/Ipswich-Town-Arsenal-April-20-2025-Premier-League,,0.2,2.4,2b599f1a,0,4
34,Wed,2025-04-23,20:00,Arsenal,2–2,Crystal Palace,60167,Emirates Stadium,Michael Salisbury,/en/matches/67651145/Arsenal-Crystal-Palace-April-23-2025-Premier-League,,1.2,1.7,67651145,1,0
35,Sat,2025-05-03,17:30,Arsenal,1–2,Bournemouth,60110,Emirates Stadium,Jarred Gillett,/en/matches/ad3827f3/Arsenal-Bournemouth-May-3-2025-Premier-League,,1.4,0.9,ad3827f3,1,-1
36,Sun,2025-05-11,16:30,Liverpool,2–2,Arsenal,60324,Anfield,Anthony Taylor,/en/matches/0dc9bdd9/Liverpool-Arsenal-May-11-2025-Premier-League,,2.4,2.6,0dc9bdd9,0,0
37,Sun,2025-05-18,16:30,Arsenal,1–0,Newcastle Utd,60160,Emirates Stadium,Simon Hooper,/en/matches/0a51acae/Arsenal-Newcastle-United-May-18-2025-Premier-League,,0.6,1.5,0a51acae,1,1
38,Sun,2025-05-25,16:00,Southampton,1–2,Arsenal,31289,St Mary's Stadium,Darren Bond,/en/matches/01d155b4/Southampton-Arsenal-May-25-2025-Premier-League,,0.6,2.3,01d155b4,0,1
